USE training_management;
SET NAMES utf8mb4;

SET FOREIGN_KEY_CHECKS = 0;
TRUNCATE TABLE train_announcement_read;
TRUNCATE TABLE train_announcement;
TRUNCATE TABLE train_file_asset;
TRUNCATE TABLE train_qa_reply;
TRUNCATE TABLE train_qa_thread;
TRUNCATE TABLE train_score_final;
TRUNCATE TABLE train_submission;
TRUNCATE TABLE train_task;
TRUNCATE TABLE train_team_member;
TRUNCATE TABLE train_team;
TRUNCATE TABLE train_project_publish;
TRUNCATE TABLE train_project;
TRUNCATE TABLE edu_class;
TRUNCATE TABLE edu_major;
TRUNCATE TABLE edu_college;
TRUNCATE TABLE sys_login_log;
TRUNCATE TABLE sys_role_permission;
TRUNCATE TABLE sys_user_role;
TRUNCATE TABLE sys_permission;
TRUNCATE TABLE sys_role;
TRUNCATE TABLE sys_user;
SET FOREIGN_KEY_CHECKS = 1;

INSERT INTO sys_user (id, username, password_hash, real_name, phone, email, user_type, class_name, status, is_deleted) VALUES
(1, 'admin', '123456', '系统管理员', '13800000001', 'admin@school.edu', 'ADMIN', NULL, 1, 0),
(2, 'teacher01', '123456', '王柱', '13800000002', 'teacher01@school.edu', 'TEACHER', NULL, 1, 0),
(3, 'teacher02', '123456', '周老师', '13800000005', 'teacher02@school.edu', 'TEACHER', NULL, 1, 0),
(4, 'teacher03', '123456', '李老师', '13800000006', 'teacher03@school.edu', 'TEACHER', NULL, 1, 0),
(5, 'student01', '123456', '梁露镪', '13800000003', 'student01@school.edu', 'STUDENT', '信安2201', 1, 0),
(6, 'student02', '123456', '陈俊豪', '13800000004', 'student02@school.edu', 'STUDENT', '信安2201', 1, 0),
(7, 'student03', '123456', '黄嘉宁', '13800000007', 'student03@school.edu', 'STUDENT', '信安2202', 1, 0),
(8, 'student04', '123456', '赵雨桐', '13800000008', 'student04@school.edu', 'STUDENT', '信安2201', 1, 0),
(9, 'student05', '123456', '吴泽宇', '13800000009', 'student05@school.edu', 'STUDENT', '物联网2201', 1, 0),
(10, 'student06', '123456', '何子轩', '13800000010', 'student06@school.edu', 'STUDENT', '信安2201', 1, 0),
(11, 'student07', '123456', '潘柏言', '13800000011', 'student07@school.edu', 'STUDENT', '软件2201', 1, 0),
(12, 'student08', '123456', '郑宇航', '13800000012', 'student08@school.edu', 'STUDENT', '信安2202', 1, 0),
(13, 'student09', '123456', '许嘉乐', '13800000013', 'student09@school.edu', 'STUDENT', '物联网2201', 1, 0),
(14, 'student10', '123456', '方梓涵', '13800000014', 'student10@school.edu', 'STUDENT', '物联网2201', 1, 0),
(15, 'student11', '123456', '宋晨阳', '13800000015', 'student11@school.edu', 'STUDENT', '软件2201', 1, 0),
(16, 'student12', '123456', '谢语彤', '13800000016', 'student12@school.edu', 'STUDENT', '软件2201', 1, 0),
(17, 'student13', '123456', '王一鸣', '13800000017', 'student13@school.edu', 'STUDENT', '信安2201', 1, 0),
(18, 'student14', '123456', '刘思远', '13800000018', 'student14@school.edu', 'STUDENT', '信安2201', 1, 0),
(19, 'student15', '123456', '杨诗涵', '13800000019', 'student15@school.edu', 'STUDENT', '信安2201', 1, 0),
(20, 'student16', '123456', '朱晨曦', '13800000020', 'student16@school.edu', 'STUDENT', '信安2201', 1, 0),
(21, 'student17', '123456', '孙浩然', '13800000021', 'student17@school.edu', 'STUDENT', '信安2201', 1, 0),
(22, 'student18', '123456', '胡嘉怡', '13800000022', 'student18@school.edu', 'STUDENT', '信安2201', 1, 0),
(23, 'student19', '123456', '谢文博', '13800000023', 'student19@school.edu', 'STUDENT', '信安2202', 1, 0),
(24, 'student20', '123456', '许婉清', '13800000024', 'student20@school.edu', 'STUDENT', '信安2202', 1, 0),
(25, 'student21', '123456', '周子墨', '13800000025', 'student21@school.edu', 'STUDENT', '信安2202', 1, 0),
(26, 'student22', '123456', '吴昊天', '13800000026', 'student22@school.edu', 'STUDENT', '信安2202', 1, 0),
(27, 'student23', '123456', '冯雨萱', '13800000027', 'student23@school.edu', 'STUDENT', '信安2202', 1, 0),
(28, 'student24', '123456', '邓家豪', '13800000028', 'student24@school.edu', 'STUDENT', '信安2202', 1, 0),
(29, 'student25', '123456', '蒋欣怡', '13800000029', 'student25@school.edu', 'STUDENT', '信安2202', 1, 0),
(30, 'student26', '123456', '曹睿哲', '13800000030', 'student26@school.edu', 'STUDENT', '信安2202', 1, 0),
(31, 'student27', '123456', '潘文涛', '13800000031', 'student27@school.edu', 'STUDENT', '物联网2201', 1, 0),
(32, 'student28', '123456', '唐可欣', '13800000032', 'student28@school.edu', 'STUDENT', '物联网2201', 1, 0),
(33, 'student29', '123456', '董明轩', '13800000033', 'student29@school.edu', 'STUDENT', '物联网2201', 1, 0),
(34, 'student30', '123456', '韩梦琪', '13800000034', 'student30@school.edu', 'STUDENT', '物联网2201', 1, 0),
(35, 'student31', '123456', '曾宇辰', '13800000035', 'student31@school.edu', 'STUDENT', '物联网2201', 1, 0),
(36, 'student32', '123456', '陆思雨', '13800000036', 'student32@school.edu', 'STUDENT', '物联网2201', 1, 0),
(37, 'student33', '123456', '魏天佑', '13800000037', 'student33@school.edu', 'STUDENT', '物联网2201', 1, 0),
(38, 'student34', '123456', '丁皓轩', '13800000038', 'student34@school.edu', 'STUDENT', '软件2201', 1, 0),
(39, 'student35', '123456', '薛欣然', '13800000039', 'student35@school.edu', 'STUDENT', '软件2201', 1, 0),
(40, 'student36', '123456', '廖子瑜', '13800000040', 'student36@school.edu', 'STUDENT', '软件2201', 1, 0),
(41, 'student37', '123456', '乔星宇', '13800000041', 'student37@school.edu', 'STUDENT', '软件2201', 1, 0),
(42, 'student38', '123456', '孟若琳', '13800000042', 'student38@school.edu', 'STUDENT', '软件2201', 1, 0),
(43, 'student39', '123456', '侯锦程', '13800000043', 'student39@school.edu', 'STUDENT', '软件2201', 1, 0),
(44, 'student40', '123456', '袁舒雅', '13800000044', 'student40@school.edu', 'STUDENT', '软件2201', 1, 0);

INSERT INTO sys_role (id, role_code, role_name, status, is_deleted) VALUES
(1, 'ADMIN', '系统管理员', 1, 0),
(2, 'TEACHER', '指导教师', 1, 0),
(3, 'STUDENT', '学生', 1, 0);

INSERT INTO sys_permission (id, perm_code, perm_name, perm_type, path, method, status, is_deleted) VALUES
(1, 'user:manage', '用户管理', 'API', '/api/users', 'ALL', 1, 0),
(2, 'project:manage', '项目管理', 'API', '/api/projects', 'ALL', 1, 0),
(3, 'team:review', '团队审核', 'API', '/api/teams/*/review', 'PUT', 1, 0),
(4, 'score:export', '成绩导出', 'API', '/api/scores/export', 'GET', 1, 0),
(5, 'qa:manage', '在线答疑', 'API', '/api/qa', 'ALL', 1, 0),
(6, 'base:manage', '基础数据维护', 'API', '/api/base/**', 'ALL', 1, 0),
(7, 'system:view', '系统监控', 'API', '/api/system/**', 'GET', 1, 0),
(8, 'announcement:manage', '公告管理', 'API', '/api/announcements', 'ALL', 1, 0),
(9, 'file:manage', '文件管理', 'API', '/api/files', 'ALL', 1, 0);

INSERT INTO sys_user_role (id, user_id, role_id, is_deleted) VALUES
(1, 1, 1, 0),
(2, 2, 2, 0), (3, 3, 2, 0), (4, 4, 2, 0),
(5, 5, 3, 0), (6, 6, 3, 0), (7, 7, 3, 0), (8, 8, 3, 0),
(9, 9, 3, 0), (10, 10, 3, 0), (11, 11, 3, 0), (12, 12, 3, 0),
(13, 13, 3, 0), (14, 14, 3, 0), (15, 15, 3, 0), (16, 16, 3, 0),
(17, 17, 3, 0), (18, 18, 3, 0), (19, 19, 3, 0), (20, 20, 3, 0),
(21, 21, 3, 0), (22, 22, 3, 0), (23, 23, 3, 0), (24, 24, 3, 0),
(25, 25, 3, 0), (26, 26, 3, 0), (27, 27, 3, 0), (28, 28, 3, 0),
(29, 29, 3, 0), (30, 30, 3, 0), (31, 31, 3, 0), (32, 32, 3, 0),
(33, 33, 3, 0), (34, 34, 3, 0), (35, 35, 3, 0), (36, 36, 3, 0),
(37, 37, 3, 0), (38, 38, 3, 0), (39, 39, 3, 0), (40, 40, 3, 0),
(41, 41, 3, 0), (42, 42, 3, 0), (43, 43, 3, 0), (44, 44, 3, 0);

INSERT INTO sys_role_permission (id, role_id, permission_id, is_deleted) VALUES
(1, 1, 1, 0), (2, 1, 2, 0), (3, 1, 3, 0), (4, 1, 4, 0), (5, 1, 5, 0), (6, 1, 6, 0), (7, 1, 7, 0),
(8, 2, 2, 0), (9, 2, 3, 0), (10, 2, 4, 0), (11, 2, 5, 0),
(12, 3, 5, 0),
(13, 1, 8, 0), (14, 2, 8, 0), (15, 3, 8, 0),
(16, 1, 9, 0), (17, 2, 9, 0), (18, 3, 9, 0);

INSERT INTO edu_college (id, college_code, college_name, status, is_deleted) VALUES
(1, 'EI', '电子与信息工程学院', 1, 0),
(2, 'CS', '计算机学院', 1, 0);

INSERT INTO edu_major (id, college_id, major_code, major_name, status, is_deleted) VALUES
(1, 1, 'INFOSEC', '电子信息工程（信息安全）', 1, 0),
(2, 1, 'IOT', '物联网工程', 1, 0),
(3, 2, 'SE', '软件工程', 1, 0);

INSERT INTO edu_class (id, major_id, class_code, class_name, grade_year, status, is_deleted) VALUES
(1, 1, 'INFOSEC2201', '信安2201', 2022, 1, 0),
(2, 1, 'INFOSEC2202', '信安2202', 2022, 1, 0),
(3, 2, 'IOT2201', '物联网2201', 2022, 1, 0),
(4, 3, 'SE2201', '软件2201', 2022, 1, 0);

INSERT INTO train_project (id, project_code, project_name, description, total_hours, difficulty, status, is_deleted) VALUES
(1, 'TP2026-001', '专业综合实训管理系统', '基于SpringBoot与Vue的实训全过程管理系统', 64, 'MEDIUM', 1, 0),
(2, 'TP2026-002', '校园设备运维平台', '面向校内设备的工单和巡检管理', 48, 'EASY', 1, 0),
(3, 'TP2026-003', '智慧实验室预约系统', '实验室资源预约与权限审批系统', 56, 'MEDIUM', 1, 0),
(4, 'TP2026-004', '网络攻防演练平台', '实训网络攻防靶场管理平台', 72, 'HARD', 1, 0);

INSERT INTO train_project_publish (id, project_id, term_name, class_name, teacher_id, group_count, group_size_limit, assessment_standard, start_date, end_date, status, is_deleted) VALUES
(1, 1, '2025-2026-2', '信安2201', 2, 8, 5, '过程30%+任务30%+结题40%', '2026-03-01', '2026-06-15', 1, 0),
(2, 2, '2025-2026-2', '信安2202', 2, 6, 5, '过程40%+答辩60%', '2026-03-03', '2026-06-18', 1, 0),
(3, 3, '2025-2026-2', '物联网2201', 3, 5, 5, '过程35%+文档25%+答辩40%', '2026-03-05', '2026-06-20', 1, 0),
(4, 4, '2025-2026-2', '软件2201', 4, 5, 5, '任务40%+攻防演示30%+报告30%', '2026-03-08', '2026-06-22', 1, 0);

INSERT INTO train_team (id, publish_id, team_name, leader_student_id, status, review_status, review_comment, reviewed_by, reviewed_at, is_deleted) VALUES
(1, 1, '第一组-过程管理优化', 5, 1, 1, '审核通过', 2, '2026-03-06 10:20:00', 0),
(2, 1, '第二组-报告智能分析', 6, 1, 1, '审核通过', 2, '2026-03-06 10:45:00', 0),
(3, 2, '第三组-运维工单闭环', 7, 1, 1, '正常', 2, '2026-03-06 11:00:00', 0),
(4, 3, '第四组-预约冲突优化', 9, 1, 1, '审核通过', 3, '2026-03-09 09:10:00', 0),
(5, 4, '第五组-攻防演练调度', 11, 1, 1, '正常', 4, '2026-03-10 15:00:00', 0);

INSERT INTO train_team_member (id, team_id, student_id, role_in_team, is_deleted) VALUES
(1, 1, 5, '组长', 0), (2, 1, 8, '成员', 0),
(3, 2, 6, '组长', 0), (4, 2, 10, '成员', 0),
(5, 3, 7, '组长', 0), (6, 3, 12, '成员', 0),
(7, 4, 9, '组长', 0), (8, 4, 13, '成员', 0), (9, 4, 14, '成员', 0),
(10, 5, 11, '组长', 0), (11, 5, 15, '成员', 0), (12, 5, 16, '成员', 0);

INSERT INTO train_task (id, publish_id, stage_type, title, content, deadline, weight, status, is_deleted) VALUES
(1, 1, 'OPENING', '开题文档提交', '提交开题报告与任务分工', '2026-03-20 23:59:59', 30, 1, 0),
(2, 1, 'MIDTERM', '中期检查材料', '提交中期进展与问题清单', '2026-04-25 23:59:59', 30, 1, 0),
(3, 1, 'FINAL', '结题文档与答辩PPT', '提交结题文档和演示材料', '2026-06-10 23:59:59', 40, 1, 0),
(4, 2, 'OPENING', '开题计划书', '提交运维平台需求与计划书', '2026-03-22 23:59:59', 25, 1, 0),
(5, 2, 'MIDTERM', '中期代码检查', '提交核心模块代码与测试结果', '2026-04-26 23:59:59', 35, 1, 0),
(6, 2, 'FINAL', '答辩材料', '提交答辩PPT与项目总结', '2026-06-12 23:59:59', 40, 1, 0),
(7, 3, 'OPENING', '原型评审', '完成原型设计与评审意见整理', '2026-03-25 23:59:59', 30, 1, 0),
(8, 3, 'MIDTERM', '联调验收', '完成前后端联调与问题单', '2026-05-01 23:59:59', 30, 1, 0),
(9, 3, 'FINAL', '项目验收', '提交验收报告和视频', '2026-06-15 23:59:59', 40, 1, 0),
(10, 4, 'OPENING', '攻防方案', '提交攻防实验方案和风险点', '2026-03-28 23:59:59', 30, 1, 0),
(11, 4, 'MIDTERM', '靶场演示', '完成靶场环境部署和演示', '2026-05-05 23:59:59', 30, 1, 0),
(12, 4, 'FINAL', '综合报告', '提交攻防复盘与总结报告', '2026-06-18 23:59:59', 40, 1, 0);

INSERT INTO train_submission (id, task_id, team_id, student_id, version_no, content, file_url, submit_time, status, teacher_feedback, is_deleted) VALUES
(1, 1, 1, 5, 2, '开题文档已完成第二版，补充了风险矩阵', '/files/opening-a-v2.docx', '2026-03-18 14:30:00', 2, '结构清晰，可继续推进', 0),
(2, 2, 1, 5, 1, '中期材料第一版已提交', '/files/mid-a-v1.docx', '2026-04-20 10:15:00', 1, '', 0),
(3, 1, 2, 6, 1, '开题文档已提交', '/files/opening-b-v1.docx', '2026-03-19 09:05:00', 2, '请补充时间排期甘特图', 0),
(4, 4, 3, 7, 1, '运维平台开题计划书初稿', '/files/opening-c-v1.docx', '2026-03-21 21:40:00', 1, '', 0),
(5, 7, 4, 9, 1, '原型评审材料', '/files/prototype-d-v1.pptx', '2026-03-24 13:20:00', 2, '交互逻辑优秀', 0),
(6, 10, 5, 11, 1, '攻防方案v1', '/files/attack-e-v1.docx', '2026-03-27 08:55:00', 2, '补充应急预案', 0),
(7, 11, 5, 11, 1, '靶场演示视频链接', '/files/range-e-v1.mp4', '2026-05-04 18:10:00', 1, '', 0);

INSERT INTO train_announcement (id, publish_id, title, content, author_id, priority, status, publish_time, expire_time, is_deleted) VALUES
(1, NULL, '实训平台升级通知', '本周三 20:00-22:00 平台进行维护升级，请提前保存阶段文档。', 1, 2, 1, '2026-03-01 09:00:00', '2026-03-20 23:59:59', 0),
(2, 1, '开题材料提交提醒', '信安2201开题材料截止时间为3月20日，请各组在提交管理中上传最新版文档。', 2, 3, 1, '2026-03-05 08:30:00', '2026-03-21 23:59:59', 0),
(3, 3, '中期联调要求', '物联网2201请在中期前完成接口联调并附上测试截图，逾期将影响过程分。', 3, 2, 1, '2026-03-10 10:00:00', '2026-05-05 23:59:59', 0),
(4, 4, '攻防演练安全提醒', '软件2201在演练过程中禁止扫描非授权网段，违规将取消展示资格。', 4, 3, 1, '2026-03-12 14:00:00', '2026-06-22 23:59:59', 0);

INSERT INTO train_announcement_read (id, announcement_id, user_id, read_time, is_deleted) VALUES
(1, 1, 2, '2026-03-01 09:10:00', 0),
(2, 1, 5, '2026-03-01 09:20:00', 0),
(3, 2, 5, '2026-03-05 11:00:00', 0),
(4, 2, 6, '2026-03-05 11:10:00', 0),
(5, 3, 9, '2026-03-11 08:00:00', 0);

INSERT INTO train_score_final (id, publish_id, student_id, usual_score, task_score, report_score, final_score, is_deleted) VALUES
(1, 1, 5, 88.00, 90.00, 92.00, 90.00, 0),
(2, 1, 6, 86.00, 88.00, 90.00, 88.00, 0),
(3, 1, 8, 84.00, 86.00, 89.00, 86.30, 0),
(4, 2, 7, 85.00, 87.00, 88.00, 86.90, 0),
(5, 2, 12, 83.00, 84.00, 86.00, 84.60, 0),
(6, 3, 9, 91.00, 92.00, 93.00, 92.20, 0),
(7, 3, 13, 87.00, 89.00, 90.00, 88.80, 0),
(8, 3, 14, 85.00, 86.00, 88.00, 86.30, 0),
(9, 4, 11, 90.00, 92.00, 91.00, 91.10, 0),
(10, 4, 15, 84.00, 85.00, 87.00, 85.40, 0),
(11, 4, 16, 82.00, 84.00, 86.00, 84.00, 0);

INSERT INTO train_qa_thread (id, publish_id, title, content, creator_id, status, is_deleted) VALUES
(1, 1, '中期文档模板问题', '请问中期文档是否有统一模板？', 5, 1, 0),
(2, 1, '接口联调超时', '登录后调用任务列表接口偶尔超时，如何排查？', 6, 1, 0),
(3, 3, '预约冲突规则确认', '同一时间段能否允许候补机制？', 9, 1, 0),
(4, 4, '攻防演练日志保存', '日志保留周期是否按周清理？', 11, 2, 0);

INSERT INTO train_qa_reply (id, thread_id, content, creator_id, is_deleted) VALUES
(1, 1, '有统一模板，今晚发到课程群。', 2, 0),
(2, 1, '收到，感谢老师。', 5, 0),
(3, 2, '先检查数据库慢查询和网络波动。', 2, 0),
(4, 2, '建议把查询条件加索引。', 3, 0),
(5, 3, '可以做候补，规则写进需求文档。', 3, 0),
(6, 4, '默认保留30天，结题后统一归档。', 4, 0);

INSERT INTO sys_login_log (id, user_id, username, login_time, ip, status, message) VALUES
(1, 1, 'admin', '2026-03-01 08:05:00', '127.0.0.1', 1, '登录成功'),
(2, 2, 'teacher01', '2026-03-01 08:12:00', '127.0.0.1', 1, '登录成功'),
(3, 5, 'student01', '2026-03-01 08:18:00', '127.0.0.1', 1, '登录成功'),
(4, NULL, 'student99', '2026-03-01 08:20:00', '127.0.0.1', 0, '用户名不存在或已禁用'),
(5, 6, 'student02', '2026-03-01 08:30:00', '127.0.0.1', 1, '登录成功'),
(6, 3, 'teacher02', '2026-03-01 09:00:00', '127.0.0.1', 1, '登录成功'),
(7, 4, 'teacher03', '2026-03-01 09:10:00', '127.0.0.1', 1, '登录成功'),
(8, 7, 'student03', '2026-03-01 09:20:00', '127.0.0.1', 1, '登录成功'),
(9, 1, 'admin', '2026-03-01 10:00:00', '127.0.0.1', 1, '登录成功'),
(10, 11, 'student07', '2026-03-01 10:15:00', '127.0.0.1', 1, '登录成功');

INSERT INTO sys_user (id, username, password_hash, real_name, phone, email, user_type, class_name, status, is_deleted) VALUES
(45, 'teacher04', '123456', '陈思源', '13800000045', 'teacher04@school.edu', 'TEACHER', NULL, 1, 0);

INSERT INTO sys_user_role (id, user_id, role_id, is_deleted) VALUES
(45, 45, 2, 0);

INSERT INTO train_project (id, project_code, project_name, description, total_hours, difficulty, status, is_deleted) VALUES
(5, 'TP2026-005', '企业内网安全巡检系统', '实现资产发现、风险识别、整改闭环与巡检报告输出', 64, 'MEDIUM', 1, 0),
(6, 'TP2026-006', '教学资源智能推荐平台', '围绕课程行为数据构建推荐引擎与效果评估', 56, 'MEDIUM', 1, 0),
(7, 'TP2026-007', '终端资产风险画像系统', '构建终端资产画像、异常行为检测和告警闭环', 72, 'HARD', 1, 0);

INSERT INTO train_project_publish (id, project_id, term_name, class_name, teacher_id, group_count, group_size_limit, assessment_standard, start_date, end_date, status, is_deleted) VALUES
(5, 5, '2025-2026-2', '信安2201', 45, 8, 5, '过程25%+任务35%+答辩40%', '2026-02-20', '2026-06-25', 1, 0),
(6, 6, '2025-2026-2', '信安2202', 45, 6, 5, '过程30%+中期30%+结题40%', '2026-02-25', '2026-06-25', 1, 0),
(7, 7, '2025-2026-1', '信安2201', 2, 8, 5, '过程30%+阶段任务30%+结题40%', '2025-09-10', '2026-01-15', 1, 0);

INSERT INTO train_team (id, publish_id, team_name, leader_student_id, status, review_status, review_comment, reviewed_by, reviewed_at, is_deleted) VALUES
(6, 5, '第六组-资产台账治理', 17, 1, 1, '方案完整，执行可行', 45, '2026-02-26 10:10:00', 0),
(7, 5, '第七组-漏洞闭环治理', 18, 1, 1, '可进入开发阶段', 45, '2026-02-26 10:20:00', 0),
(8, 7, '第八组-威胁情报融合', 5, 1, 1, '历史项目结题通过', 2, '2025-09-18 15:00:00', 0),
(9, 7, '第九组-终端画像建模', 6, 1, 1, '按计划推进', 2, '2025-09-18 15:20:00', 0),
(10, 6, '第十组-推荐算法优化', 7, 1, 0, '待补充算法评估方案', NULL, NULL, 0);

INSERT INTO train_team_member (id, team_id, student_id, role_in_team, is_deleted) VALUES
(13, 6, 17, '组长', 0), (14, 6, 19, '后端开发', 0), (15, 6, 20, '测试与文档', 0),
(16, 7, 18, '组长', 0), (17, 7, 21, '前端开发', 0), (18, 7, 22, '测试与文档', 0),
(19, 8, 5, '组长', 0), (20, 8, 8, '数据建模', 0), (21, 8, 10, '测试与运维', 0),
(22, 9, 6, '组长', 0), (23, 9, 17, '后端开发', 0), (24, 9, 18, '测试', 0),
(25, 10, 7, '组长', 0), (26, 10, 12, '算法开发', 0), (27, 10, 23, '数据处理', 0);

INSERT INTO train_task (id, publish_id, stage_type, title, content, deadline, weight, status, is_deleted) VALUES
(13, 1, 'DAILY', '需求澄清纪要', '围绕任务书逐条完成需求澄清并上传纪要', '2026-02-28 23:59:59', 5, 1, 0),
(14, 1, 'DAILY', '第一周进展周报', '输出周计划完成率、风险和下周安排', '2026-03-03 23:59:59', 5, 1, 0),
(15, 1, 'DAILY', '安全基线自查', '完成依赖库扫描与基础安全配置检查', '2026-03-08 23:59:59', 10, 1, 0),
(16, 5, 'OPENING', '实训需求接收与拆解', '接收需求清单，形成模块分工与验收标准', '2026-02-24 23:59:59', 10, 1, 0),
(17, 5, 'OPENING', '开题评审会材料', '提交开题PPT、风险矩阵和时间排期', '2026-03-05 23:59:59', 15, 1, 0),
(18, 5, 'MIDTERM', '中期功能走查与漏洞复测', '提交走查记录、漏洞清单和修复结果', '2026-04-18 23:59:59', 20, 1, 0),
(19, 5, 'MIDTERM', '联调报告与性能压测', '完成联调、压测并上传报告', '2026-05-05 23:59:59', 15, 1, 0),
(20, 5, 'FINAL', '结题报告初稿', '提交结题报告初稿与成果说明', '2026-06-05 23:59:59', 20, 1, 0),
(21, 5, 'FINAL', '答辩终稿与演示视频', '提交终稿、演示视频和答辩材料', '2026-06-20 23:59:59', 20, 1, 0),
(22, 7, 'OPENING', '项目立项书与需求规格说明', '完成立项书和需求规格说明书', '2025-09-22 23:59:59', 20, 1, 0),
(23, 7, 'MIDTERM', '阶段功能验收与代码审计', '提交阶段验收单与审计报告', '2025-11-05 23:59:59', 30, 1, 0),
(24, 7, 'FINAL', '结题答辩与归档材料', '提交结题答辩PPT、源代码和归档清单', '2026-01-08 23:59:59', 50, 1, 0),
(25, 6, 'OPENING', '需求调研与用户画像', '完成访谈记录和用户画像文档', '2026-03-12 23:59:59', 20, 1, 0),
(26, 6, 'MIDTERM', '推荐策略AB测试', '提交AB实验过程和结果分析', '2026-04-30 23:59:59', 35, 1, 0),
(27, 6, 'FINAL', '上线演示与复盘报告', '提交上线演示视频与项目复盘报告', '2026-06-18 23:59:59', 45, 1, 0);

INSERT INTO train_submission (id, task_id, team_id, student_id, version_no, content, file_url, submit_time, status, teacher_feedback, is_deleted) VALUES
(8, 13, 1, 5, 1, '需求澄清纪要已提交，含接口边界和异常场景', '/files/requirement-clarify-a-v1.docx', '2026-03-01 09:20:00', 2, '已逾期1天，后续按时提交', 0),
(9, 16, 6, 17, 1, '需求拆解与分工表第一版', '/files/split-f-v1.docx', '2026-02-23 21:10:00', 2, '拆解粒度合理', 0),
(10, 16, 7, 18, 1, '需求拆解文档与验收标准', '/files/split-g-v1.docx', '2026-02-24 20:00:00', 2, '可进入开题准备', 0),
(11, 17, 6, 17, 1, '开题评审材料v1', '/files/opening-f-v1.pptx', '2026-03-04 15:35:00', 2, '补充风险应对策略', 0),
(12, 17, 7, 18, 1, '开题评审材料v1', '/files/opening-g-v1.pptx', '2026-03-05 16:20:00', 1, '', 0),
(13, 18, 6, 17, 1, '中期走查记录与漏洞复测报告', '/files/mid-f-v1.docx', '2026-04-16 19:40:00', 1, '', 0),
(14, 18, 7, 18, 1, '中期问题闭环清单', '/files/mid-g-v1.docx', '2026-04-18 21:00:00', 2, '记录完整，可进入联调', 0),
(15, 19, 6, 17, 1, '联调与压测报告v1', '/files/perf-f-v1.docx', '2026-05-04 23:20:00', 1, '', 0),
(16, 20, 6, 17, 1, '结题报告初稿', '/files/final-report-f-v1.docx', '2026-06-03 18:20:00', 1, '', 0),
(17, 21, 6, 17, 1, '答辩终稿与演示视频链接', '/files/defense-f-v1.txt', '2026-06-19 20:00:00', 1, '', 0),
(18, 22, 8, 5, 1, '立项书与需求规格说明第一版', '/files/project7-opening-h-v1.docx', '2025-09-21 10:10:00', 2, '通过', 0),
(19, 23, 8, 5, 1, '阶段验收与审计报告', '/files/project7-mid-h-v1.docx', '2025-11-03 20:10:00', 2, '通过', 0),
(20, 24, 8, 5, 1, '结题答辩与归档材料', '/files/project7-final-h-v1.zip', '2026-01-06 17:20:00', 2, '结题通过', 0),
(21, 22, 9, 6, 1, '立项与需求文档', '/files/project7-opening-i-v1.docx', '2025-09-22 09:05:00', 2, '通过', 0),
(22, 24, 9, 6, 1, '结题文档包', '/files/project7-final-i-v1.zip', '2026-01-07 16:30:00', 2, '结题通过', 0),
(23, 25, 10, 7, 1, '需求调研纪要与用户画像', '/files/project6-opening-j-v1.docx', '2026-03-10 11:30:00', 1, '', 0),
(24, 25, 10, 12, 1, '补充访谈数据与画像修订', '/files/project6-opening-j-v2.docx', '2026-03-11 15:40:00', 1, '', 0),
(25, 26, 10, 7, 1, 'AB测试设计文档', '/files/project6-mid-j-v1.docx', '2026-04-28 19:10:00', 1, '', 0);

INSERT INTO train_announcement (id, publish_id, title, content, author_id, priority, status, publish_time, expire_time, is_deleted) VALUES
(5, 1, '实训任务书已下发（信安2201）', '已在任务管理发布任务书，请各组48小时内完成需求阅读和疑问收集。', 2, 3, 1, '2026-02-20 09:00:00', '2026-03-10 23:59:59', 0),
(6, 1, '需求评审会议安排', '信安2201于3月2日14:30在实训楼A302进行需求评审，请组长提前10分钟到场。', 2, 2, 1, '2026-02-27 16:00:00', '2026-03-03 23:59:59', 0),
(7, 1, '需求澄清纪要逾期提醒', '仍有小组未按时提交需求澄清纪要，已逾期任务请在今天22:00前补交。', 2, 3, 1, '2026-03-01 10:00:00', '2026-03-02 23:59:59', 0),
(8, 1, '中期检查安排（预告）', '中期检查计划于4月下旬开展，请提前准备阶段演示与问题闭环清单。', 2, 1, 1, '2026-03-01 11:30:00', '2026-05-01 23:59:59', 0),
(9, 5, '企业内网安全巡检实训启动通知', '本期开设重点关注资产台账与漏洞处置闭环，请各组严格按周报推进。', 45, 2, 1, '2026-02-20 08:30:00', '2026-03-20 23:59:59', 0),
(10, 5, '本周必须完成资产发现脚本', '请在3月3日24:00前提交资产发现脚本及样例输出，逾期计入过程分扣减。', 45, 3, 1, '2026-03-01 09:30:00', '2026-03-05 23:59:59', 0),
(11, 6, '推荐平台开题材料模板已更新', '信安2202请使用新模板提交开题材料，旧模板不再受理。', 45, 2, 1, '2026-02-28 17:00:00', '2026-03-15 23:59:59', 0),
(12, 7, '结题归档完成说明', '终端资产风险画像系统已完成归档，本公告用于归档流程留痕。', 2, 1, 1, '2026-01-16 09:00:00', '2026-06-30 23:59:59', 0),
(13, NULL, '教学平台容量扩容完成', '附件上传上限提升至10MB，建议压缩后再提交大型材料。', 1, 1, 1, '2026-03-01 12:00:00', '2026-04-01 23:59:59', 0),
(14, 5, '阶段答辩评分细则发布', '评分细则已更新：过程25%、任务35%、答辩40%。请查看公告详情。', 45, 2, 1, '2026-03-01 13:30:00', '2026-06-30 23:59:59', 0),
(15, 1, '结题答辩时段征集', '请各组在6月1日前填报可答辩时段，冲突将由教学秘书统一协调。', 2, 1, 1, '2026-03-01 15:00:00', '2026-06-02 23:59:59', 0);

INSERT INTO train_announcement_read (id, announcement_id, user_id, read_time, is_deleted) VALUES
(6, 5, 6, '2026-02-20 09:20:00', 0),
(7, 5, 8, '2026-02-20 09:30:00', 0),
(8, 6, 5, '2026-02-27 17:00:00', 0),
(9, 7, 5, '2026-03-01 10:20:00', 0),
(10, 7, 6, '2026-03-01 10:35:00', 0),
(11, 9, 17, '2026-02-20 10:00:00', 0),
(12, 9, 18, '2026-02-20 10:10:00', 0),
(13, 10, 17, '2026-03-01 10:00:00', 0),
(14, 11, 7, '2026-02-28 20:00:00', 0),
(15, 12, 5, '2026-01-16 10:00:00', 0),
(16, 13, 2, '2026-03-01 12:20:00', 0),
(17, 13, 45, '2026-03-01 12:25:00', 0);

INSERT INTO train_score_final (id, publish_id, student_id, usual_score, task_score, report_score, final_score, is_deleted) VALUES
(12, 1, 10, 82.00, 84.00, 86.00, 84.20, 0),
(13, 1, 17, 90.00, 91.00, 92.00, 91.20, 0),
(14, 1, 18, 87.00, 89.00, 91.00, 89.10, 0),
(15, 1, 19, 86.00, 87.00, 88.00, 87.10, 0),
(16, 1, 20, 83.00, 85.00, 86.00, 84.80, 0),
(17, 1, 21, 88.00, 90.00, 91.00, 89.80, 0),
(18, 1, 22, 84.00, 86.00, 87.00, 85.90, 0),
(19, 5, 17, 89.00, 90.00, 91.00, 90.10, 0),
(20, 5, 18, 88.00, 89.00, 90.00, 89.20, 0),
(21, 5, 19, 86.00, 88.00, 89.00, 87.90, 0),
(22, 5, 20, 85.00, 87.00, 88.00, 86.90, 0),
(23, 5, 21, 87.00, 88.00, 90.00, 88.40, 0),
(24, 5, 22, 84.00, 86.00, 87.00, 85.90, 0),
(25, 6, 7, 86.00, 87.00, 88.00, 87.10, 0),
(26, 6, 12, 85.00, 86.00, 87.00, 86.10, 0),
(27, 6, 23, 83.00, 84.00, 85.00, 84.10, 0),
(28, 7, 5, 91.00, 92.00, 93.00, 92.20, 0),
(29, 7, 6, 89.00, 90.00, 91.00, 90.10, 0),
(30, 7, 8, 88.00, 89.00, 90.00, 89.10, 0),
(31, 7, 10, 86.00, 88.00, 89.00, 87.90, 0),
(32, 7, 17, 90.00, 91.00, 92.00, 91.10, 0);

INSERT INTO train_qa_thread (id, publish_id, title, content, creator_id, status, is_deleted) VALUES
(5, 1, '需求评审记录模板在哪里下载？', '开题评审需要统一模板，在哪个模块下载？', 8, 1, 0),
(6, 1, '逾期任务补交后会如何计分', '需求澄清纪要已逾期，补交后过程分怎么计算？', 10, 1, 0),
(7, 5, '资产扫描脚本输出字段标准', '老师您好，资产扫描CSV输出字段是否有固定顺序？', 17, 1, 0),
(8, 5, '漏洞闭环统计口径确认', '中危漏洞是否必须在7天内关闭才算达标？', 18, 1, 0),
(9, 6, '推荐模型评估指标选择', '信安2202是否统一使用NDCG和MAP作为评估指标？', 7, 1, 0),
(10, 6, '训练集脱敏规则', '学生画像数据里手机号字段如何脱敏处理？', 12, 1, 0),
(11, 7, '历史项目归档校验', '结题归档包命名规范请再确认一次。', 5, 2, 0),
(12, 5, '本周周报是否必须上传附件', '只填写文本说明可不可以，需要PDF吗？', 21, 1, 0);

INSERT INTO train_qa_reply (id, thread_id, content, creator_id, is_deleted) VALUES
(7, 5, '模板已上传到任务1附件，下载后按模板填写。', 2, 0),
(8, 5, '收到，已下载。', 8, 0),
(9, 6, '补交可计分，但会按逾期天数扣减过程分。', 2, 0),
(10, 7, '字段顺序：资产ID、IP、端口、服务、风险等级、建议。', 45, 0),
(11, 8, '是的，中危漏洞要求7天内闭环并提交复测截图。', 45, 0),
(12, 9, '本期统一使用NDCG@10和MAP，详情见评分细则。', 45, 0),
(13, 10, '手机号保留前3后4，中间统一替换为四个星号。', 45, 0),
(14, 11, '命名规范：班级_组名_结题包_日期.zip。', 2, 0),
(15, 11, '已按规范重新上传。', 5, 0),
(16, 12, '建议同时上传PDF，便于过程留痕和复核。', 45, 0),
(17, 7, '如果脚本输出JSON也可以吗？', 19, 0),
(18, 7, '可以，JSON需附字段说明文档。', 45, 0);

INSERT INTO sys_login_log (id, user_id, username, login_time, ip, status, message) VALUES
(11, 45, 'teacher04', '2026-03-01 10:30:00', '127.0.0.1', 1, '登录成功'),
(12, 17, 'student13', '2026-03-01 10:40:00', '127.0.0.1', 1, '登录成功'),
(13, 18, 'student14', '2026-03-01 10:42:00', '127.0.0.1', 1, '登录成功'),
(14, 19, 'student15', '2026-03-01 10:45:00', '127.0.0.1', 1, '登录成功'),
(15, 20, 'student16', '2026-03-01 10:48:00', '127.0.0.1', 1, '登录成功'),
(16, 21, 'student17', '2026-03-01 10:50:00', '127.0.0.1', 1, '登录成功'),
(17, 22, 'student18', '2026-03-01 10:52:00', '127.0.0.1', 1, '登录成功'),
(18, NULL, 'teacher00', '2026-03-01 11:00:00', '127.0.0.1', 0, '账号不存在');
